[{"model": "admin.logentry", "pk": 1, "fields": {"action_time": "2020-09-30T17:52:30.658Z", "user": 1, "content_type": 3, "object_id": "1", "object_repr": "change_user", "action_flag": 1, "change_message": "[{\"added\": {}}]"}}, {"model": "admin.logentry", "pk": 2, "fields": {"action_time": "2020-09-30T17:52:46.172Z", "user": 1, "content_type": 3, "object_id": "1", "object_repr": "change_user", "action_flag": 3, "change_message": ""}}, {"model": "admin.logentry", "pk": 3, "fields": {"action_time": "2020-09-30T20:06:22.433Z", "user": 1, "content_type": 3, "object_id": "2", "object_repr": "admin", "action_flag": 1, "change_message": "[{\"added\": {}}]"}}, {"model": "admin.logentry", "pk": 4, "fields": {"action_time": "2020-09-30T20:14:42.981Z", "user": 1, "content_type": 3, "object_id": "2", "object_repr": "admin", "action_flag": 3, "change_message": ""}}, {"model": "admin.logentry", "pk": 5, "fields": {"action_time": "2020-10-01T20:59:31.513Z", "user": 1, "content_type": 8, "object_id": "18", "object_repr": "Tomb Raider action", "action_flag": 2, "change_message": "[{\"changed\": {\"fields\": [\"image\"]}}]"}}, {"model": "admin.logentry", "pk": 6, "fields": {"action_time": "2020-10-07T09:49:04.412Z", "user": 1, "content_type": 8, "object_id": "16", "object_repr": "Assassin's Creed Rogue action", "action_flag": 2, "change_message": "[{\"changed\": {\"fields\": [\"short_desc\"]}}]"}}, {"model": "admin.logentry", "pk": 7, "fields": {"action_time": "2020-10-07T18:43:45.251Z", "user": 1, "content_type": 8, "object_id": "13", "object_repr": "Battlefield 4 ", "action_flag": 2, "change_message": "[{\"changed\": {\"fields\": [\"short_desc\"]}}]"}}, {"model": "auth.permission", "pk": 1, "fields": {"name": "Can add log entry", "content_type": 1, "codename": "add_logentry"}}, {"model": "auth.permission", "pk": 2, "fields": {"name": "Can change log entry", "content_type": 1, "codename": "change_logentry"}}, {"model": "auth.permission", "pk": 3, "fields": {"name": "Can delete log entry", "content_type": 1, "codename": "delete_logentry"}}, {"model": "auth.permission", "pk": 4, "fields": {"name": "Can view log entry", "content_type": 1, "codename": "view_logentry"}}, {"model": "auth.permission", "pk": 5, "fields": {"name": "Can add permission", "content_type": 2, "codename": "add_permission"}}, {"model": "auth.permission", "pk": 6, "fields": {"name": "Can change permission", "content_type": 2, "codename": "change_permission"}}, {"model": "auth.permission", "pk": 7, "fields": {"name": "Can delete permission", "content_type": 2, "codename": "delete_permission"}}, {"model": "auth.permission", "pk": 8, "fields": {"name": "Can view permission", "content_type": 2, "codename": "view_permission"}}, {"model": "auth.permission", "pk": 9, "fields": {"name": "Can add group", "content_type": 3, "codename": "add_group"}}, {"model": "auth.permission", "pk": 10, "fields": {"name": "Can change group", "content_type": 3, "codename": "change_group"}}, {"model": "auth.permission", "pk": 11, "fields": {"name": "Can delete group", "content_type": 3, "codename": "delete_group"}}, {"model": "auth.permission", "pk": 12, "fields": {"name": "Can view group", "content_type": 3, "codename": "view_group"}}, {"model": "auth.permission", "pk": 13, "fields": {"name": "Can add content type", "content_type": 4, "codename": "add_contenttype"}}, {"model": "auth.permission", "pk": 14, "fields": {"name": "Can change content type", "content_type": 4, "codename": "change_contenttype"}}, {"model": "auth.permission", "pk": 15, "fields": {"name": "Can delete content type", "content_type": 4, "codename": "delete_contenttype"}}, {"model": "auth.permission", "pk": 16, "fields": {"name": "Can view content type", "content_type": 4, "codename": "view_contenttype"}}, {"model": "auth.permission", "pk": 17, "fields": {"name": "Can add session", "content_type": 5, "codename": "add_session"}}, {"model": "auth.permission", "pk": 18, "fields": {"name": "Can change session", "content_type": 5, "codename": "change_session"}}, {"model": "auth.permission", "pk": 19, "fields": {"name": "Can delete session", "content_type": 5, "codename": "delete_session"}}, {"model": "auth.permission", "pk": 20, "fields": {"name": "Can view session", "content_type": 5, "codename": "view_session"}}, {"model": "auth.permission", "pk": 21, "fields": {"name": "Can add type", "content_type": 6, "codename": "add_gametypes"}}, {"model": "auth.permission", "pk": 22, "fields": {"name": "Can change type", "content_type": 6, "codename": "change_gametypes"}}, {"model": "auth.permission", "pk": 23, "fields": {"name": "Can delete type", "content_type": 6, "codename": "delete_gametypes"}}, {"model": "auth.permission", "pk": 24, "fields": {"name": "Can view type", "content_type": 6, "codename": "view_gametypes"}}, {"model": "auth.permission", "pk": 25, "fields": {"name": "Can add router", "content_type": 7, "codename": "add_router"}}, {"model": "auth.permission", "pk": 26, "fields": {"name": "Can change router", "content_type": 7, "codename": "change_router"}}, {"model": "auth.permission", "pk": 27, "fields": {"name": "Can delete router", "content_type": 7, "codename": "delete_router"}}, {"model": "auth.permission", "pk": 28, "fields": {"name": "Can view router", "content_type": 7, "codename": "view_router"}}, {"model": "auth.permission", "pk": 29, "fields": {"name": "Can add game", "content_type": 8, "codename": "add_game"}}, {"model": "auth.permission", "pk": 30, "fields": {"name": "Can change game", "content_type": 8, "codename": "change_game"}}, {"model": "auth.permission", "pk": 31, "fields": {"name": "Can delete game", "content_type": 8, "codename": "delete_game"}}, {"model": "auth.permission", "pk": 32, "fields": {"name": "Can view game", "content_type": 8, "codename": "view_game"}}, {"model": "auth.permission", "pk": 33, "fields": {"name": "Can add user", "content_type": 9, "codename": "add_shopuser"}}, {"model": "auth.permission", "pk": 34, "fields": {"name": "Can change user", "content_type": 9, "codename": "change_shopuser"}}, {"model": "auth.permission", "pk": 35, "fields": {"name": "Can delete user", "content_type": 9, "codename": "delete_shopuser"}}, {"model": "auth.permission", "pk": 36, "fields": {"name": "Can view user", "content_type": 9, "codename": "view_shopuser"}}, {"model": "auth.permission", "pk": 37, "fields": {"name": "Can add shopping cart", "content_type": 10, "codename": "add_shoppingcart"}}, {"model": "auth.permission", "pk": 38, "fields": {"name": "Can change shopping cart", "content_type": 10, "codename": "change_shoppingcart"}}, {"model": "auth.permission", "pk": 39, "fields": {"name": "Can delete shopping cart", "content_type": 10, "codename": "delete_shoppingcart"}}, {"model": "auth.permission", "pk": 40, "fields": {"name": "Can view shopping cart", "content_type": 10, "codename": "view_shoppingcart"}}, {"model": "auth.permission", "pk": 41, "fields": {"name": "Can add association", "content_type": 11, "codename": "add_association"}}, {"model": "auth.permission", "pk": 42, "fields": {"name": "Can change association", "content_type": 11, "codename": "change_association"}}, {"model": "auth.permission", "pk": 43, "fields": {"name": "Can delete association", "content_type": 11, "codename": "delete_association"}}, {"model": "auth.permission", "pk": 44, "fields": {"name": "Can view association", "content_type": 11, "codename": "view_association"}}, {"model": "auth.permission", "pk": 45, "fields": {"name": "Can add code", "content_type": 12, "codename": "add_code"}}, {"model": "auth.permission", "pk": 46, "fields": {"name": "Can change code", "content_type": 12, "codename": "change_code"}}, {"model": "auth.permission", "pk": 47, "fields": {"name": "Can delete code", "content_type": 12, "codename": "delete_code"}}, {"model": "auth.permission", "pk": 48, "fields": {"name": "Can view code", "content_type": 12, "codename": "view_code"}}, {"model": "auth.permission", "pk": 49, "fields": {"name": "Can add nonce", "content_type": 13, "codename": "add_nonce"}}, {"model": "auth.permission", "pk": 50, "fields": {"name": "Can change nonce", "content_type": 13, "codename": "change_nonce"}}, {"model": "auth.permission", "pk": 51, "fields": {"name": "Can delete nonce", "content_type": 13, "codename": "delete_nonce"}}, {"model": "auth.permission", "pk": 52, "fields": {"name": "Can view nonce", "content_type": 13, "codename": "view_nonce"}}, {"model": "auth.permission", "pk": 53, "fields": {"name": "Can add user social auth", "content_type": 14, "codename": "add_usersocialauth"}}, {"model": "auth.permission", "pk": 54, "fields": {"name": "Can change user social auth", "content_type": 14, "codename": "change_usersocialauth"}}, {"model": "auth.permission", "pk": 55, "fields": {"name": "Can delete user social auth", "content_type": 14, "codename": "delete_usersocialauth"}}, {"model": "auth.permission", "pk": 56, "fields": {"name": "Can view user social auth", "content_type": 14, "codename": "view_usersocialauth"}}, {"model": "auth.permission", "pk": 57, "fields": {"name": "Can add partial", "content_type": 15, "codename": "add_partial"}}, {"model": "auth.permission", "pk": 58, "fields": {"name": "Can change partial", "content_type": 15, "codename": "change_partial"}}, {"model": "auth.permission", "pk": 59, "fields": {"name": "Can delete partial", "content_type": 15, "codename": "delete_partial"}}, {"model": "auth.permission", "pk": 60, "fields": {"name": "Can view partial", "content_type": 15, "codename": "view_partial"}}, {"model": "auth.permission", "pk": 61, "fields": {"name": "Can add shop user profile", "content_type": 16, "codename": "add_shopuserprofile"}}, {"model": "auth.permission", "pk": 62, "fields": {"name": "Can change shop user profile", "content_type": 16, "codename": "change_shopuserprofile"}}, {"model": "auth.permission", "pk": 63, "fields": {"name": "Can delete shop user profile", "content_type": 16, "codename": "delete_shopuserprofile"}}, {"model": "auth.permission", "pk": 64, "fields": {"name": "Can view shop user profile", "content_type": 16, "codename": "view_shopuserprofile"}}, {"model": "auth.permission", "pk": 65, "fields": {"name": "Can add order", "content_type": 17, "codename": "add_order"}}, {"model": "auth.permission", "pk": 66, "fields": {"name": "Can change order", "content_type": 17, "codename": "change_order"}}, {"model": "auth.permission", "pk": 67, "fields": {"name": "Can delete order", "content_type": 17, "codename": "delete_order"}}, {"model": "auth.permission", "pk": 68, "fields": {"name": "Can view order", "content_type": 17, "codename": "view_order"}}, {"model": "auth.permission", "pk": 69, "fields": {"name": "Can add order item", "content_type": 18, "codename": "add_orderitem"}}, {"model": "auth.permission", "pk": 70, "fields": {"name": "Can change order item", "content_type": 18, "codename": "change_orderitem"}}, {"model": "auth.permission", "pk": 71, "fields": {"name": "Can delete order item", "content_type": 18, "codename": "delete_orderitem"}}, {"model": "auth.permission", "pk": 72, "fields": {"name": "Can view order item", "content_type": 18, "codename": "view_orderitem"}}, {"model": "sessions.session", "pk": "0vqub33hzrbshvnnf4xaxt7pmdp8lu73", "fields": {"session_data": ".eJxVjDsOwjAQBe_iGln-fyjpOYO1Xq9xADlSnFSIu0OkFNC-mXkvlmBbW9oGLWkq7MwkO_1uGfBBfQflDv02c5z7ukyZ7wo_6ODXudDzcrh_Bw1G-9bReiM0KUPSWajBBMQI1kXIpZpKXlbtQpSoCmgRlAYXrEHhHagcFLL3B9RyN30:1kZfsP:wbGairyGDheHIBxWaGlwiYHCtKDEXlOmSi1ioETR3aQ", "expire_date": "2020-11-16T19:52:25.442Z"}}, {"model": "sessions.session", "pk": "16imhk5bsvj1vzq84iw2gv6a21lkkit4", "fields": {"session_data": ".eJxVjDsOwjAQBe_iGln-fyjpOYO1Xq9xADlSnFSIu0OkFNC-mXkvlmBbW9oGLWkq7MwkO_1uGfBBfQflDv02c5z7ukyZ7wo_6ODXudDzcrh_Bw1G-9bReiM0KUPSWajBBMQI1kXIpZpKXlbtQpSoCmgRlAYXrEHhHagcFLL3B9RyN30:1kZgI3:VBBFNbP6JhAX3SZ0QaHm_ExOIurgNF1Vgx9sf5nqb_w", "expire_date": "2020-11-16T20:18:55.961Z"}}, {"model": "sessions.session", "pk": "2h43csadm0sr66r68fd6n292z6vag72d", "fields": {"session_data": "ZTg1YzY5YTk0YTA1MzRmNWYyNjNlMTkwYTUzYjAwNTQ3MjIxYzAyMTp7Il9hdXRoX3VzZXJfaWQiOiIxIiwiX2F1dGhfdXNlcl9iYWNrZW5kIjoiZGphbmdvLmNvbnRyaWIuYXV0aC5iYWNrZW5kcy5Nb2RlbEJhY2tlbmQiLCJfYXV0aF91c2VyX2hhc2giOiJlY2FkZWUzNjYwNzllZWE3NDU1YzZiZTg0N2Q4OGI1ZmFjM2U0M2ZjIn0=", "expire_date": "2020-10-22T07:41:21.084Z"}}, {"model": "sessions.session", "pk": "4sps9vim1lze1sqhae2qmo8zdyinhl50", "fields": {"session_data": "ZTg1YzY5YTk0YTA1MzRmNWYyNjNlMTkwYTUzYjAwNTQ3MjIxYzAyMTp7Il9hdXRoX3VzZXJfaWQiOiIxIiwiX2F1dGhfdXNlcl9iYWNrZW5kIjoiZGphbmdvLmNvbnRyaWIuYXV0aC5iYWNrZW5kcy5Nb2RlbEJhY2tlbmQiLCJfYXV0aF91c2VyX2hhc2giOiJlY2FkZWUzNjYwNzllZWE3NDU1YzZiZTg0N2Q4OGI1ZmFjM2U0M2ZjIn0=", "expire_date": "2020-10-22T10:50:06.076Z"}}, {"model": "sessions.session", "pk": "67la47h24s3w2b5z7hix05lmwjmff0jy", "fields": {"session_data": "ZTg1YzY5YTk0YTA1MzRmNWYyNjNlMTkwYTUzYjAwNTQ3MjIxYzAyMTp7Il9hdXRoX3VzZXJfaWQiOiIxIiwiX2F1dGhfdXNlcl9iYWNrZW5kIjoiZGphbmdvLmNvbnRyaWIuYXV0aC5iYWNrZW5kcy5Nb2RlbEJhY2tlbmQiLCJfYXV0aF91c2VyX2hhc2giOiJlY2FkZWUzNjYwNzllZWE3NDU1YzZiZTg0N2Q4OGI1ZmFjM2U0M2ZjIn0=", "expire_date": "2020-10-16T18:37:29.544Z"}}, {"model": "sessions.session", "pk": "8xpokab8za8j4v4frz9mticnaa5znzry", "fields": {"session_data": ".eJxVjDsOwjAQBe_iGln-fyjpOYO1Xq9xADlSnFSIu0OkFNC-mXkvlmBbW9oGLWkq7MwkO_1uGfBBfQflDv02c5z7ukyZ7wo_6ODXudDzcrh_Bw1G-9bReiM0KUPSWajBBMQI1kXIpZpKXlbtQpSoCmgRlAYXrEHhHagcFLL3B9RyN30:1kZbRG:zUvvx4E6ynue-3Mh4WvQz7cmZKQkqWWRYAYQqA2WYd0", "expire_date": "2020-11-16T15:08:06.487Z"}}, {"model": "sessions.session", "pk": "9oxxoloa3gi67yqw2x461kckytj9mafk", "fields": {"session_data": "ZTg1YzY5YTk0YTA1MzRmNWYyNjNlMTkwYTUzYjAwNTQ3MjIxYzAyMTp7Il9hdXRoX3VzZXJfaWQiOiIxIiwiX2F1dGhfdXNlcl9iYWNrZW5kIjoiZGphbmdvLmNvbnRyaWIuYXV0aC5iYWNrZW5kcy5Nb2RlbEJhY2tlbmQiLCJfYXV0aF91c2VyX2hhc2giOiJlY2FkZWUzNjYwNzllZWE3NDU1YzZiZTg0N2Q4OGI1ZmFjM2U0M2ZjIn0=", "expire_date": "2020-10-20T12:01:30.771Z"}}, {"model": "sessions.session", "pk": "batpe067zq83ek3u9liguswq0cn0spcj", "fields": {"session_data": "ZTg1YzY5YTk0YTA1MzRmNWYyNjNlMTkwYTUzYjAwNTQ3MjIxYzAyMTp7Il9hdXRoX3VzZXJfaWQiOiIxIiwiX2F1dGhfdXNlcl9iYWNrZW5kIjoiZGphbmdvLmNvbnRyaWIuYXV0aC5iYWNrZW5kcy5Nb2RlbEJhY2tlbmQiLCJfYXV0aF91c2VyX2hhc2giOiJlY2FkZWUzNjYwNzllZWE3NDU1YzZiZTg0N2Q4OGI1ZmFjM2U0M2ZjIn0=", "expire_date": "2020-10-20T14:13:44.871Z"}}, {"model": "sessions.session", "pk": "ctgzvmncdzh7cp1et1zz2tzsfb6mwoj1", "fields": {"session_data": ".eJxVjDsOwjAQBe_iGln-fyjpOYO1Xq9xADlSnFSIu0OkFNC-mXkvlmBbW9oGLWkq7MwkO_1uGfBBfQflDv02c5z7ukyZ7wo_6ODXudDzcrh_Bw1G-9bReiM0KUPSWajBBMQI1kXIpZpKXlbtQpSoCmgRlAYXrEHhHagcFLL3B9RyN30:1kZfNr:EHmRdmm4RPY-6syhTqeqwYpVFns4AcJUsCIk9KqAyBg", "expire_date": "2020-11-16T19:20:51.920Z"}}, {"model": "sessions.session", "pk": "eqlfhz9h5rr02vo7veia2c585wiyjndi", "fields": {"session_data": "ZTg1YzY5YTk0YTA1MzRmNWYyNjNlMTkwYTUzYjAwNTQ3MjIxYzAyMTp7Il9hdXRoX3VzZXJfaWQiOiIxIiwiX2F1dGhfdXNlcl9iYWNrZW5kIjoiZGphbmdvLmNvbnRyaWIuYXV0aC5iYWNrZW5kcy5Nb2RlbEJhY2tlbmQiLCJfYXV0aF91c2VyX2hhc2giOiJlY2FkZWUzNjYwNzllZWE3NDU1YzZiZTg0N2Q4OGI1ZmFjM2U0M2ZjIn0=", "expire_date": "2020-10-20T15:18:54.776Z"}}, {"model": "sessions.session", "pk": "fbwb4prtfz69lbwoa3s4ah26ob1duwdx", "fields": {"session_data": ".eJxVjDsOwjAQBe_iGln-fyjpOYO1Xq9xADlSnFSIu0OkFNC-mXkvlmBbW9oGLWkq7MwkO_1uGfBBfQflDv02c5z7ukyZ7wo_6ODXudDzcrh_Bw1G-9bReiM0KUPSWajBBMQI1kXIpZpKXlbtQpSoCmgRlAYXrEHhHagcFLL3B9RyN30:1kWQpz:WZxsPtl1CxRcrjcDznsZkPl9jxI1xUucHpU8B4f75ac", "expire_date": "2020-11-07T21:12:31.992Z"}}, {"model": "sessions.session", "pk": "flgrgd0kwthnkq5xobu6nkzcuh87vt0x", "fields": {"session_data": ".eJxVjDsOwjAQBe_iGln-fyjpOYO1Xq9xADlSnFSIu0OkFNC-mXkvlmBbW9oGLWkq7MwkO_1uGfBBfQflDv02c5z7ukyZ7wo_6ODXudDzcrh_Bw1G-9bReiM0KUPSWajBBMQI1kXIpZpKXlbtQpSoCmgRlAYXrEHhHagcFLL3B9RyN30:1kZgBM:MIDvy9yclWqBiCaOI_qXMMchLoG6eKzpDFx0niFg6p4", "expire_date": "2020-11-16T20:12:00.522Z"}}, {"model": "sessions.session", "pk": "g4w9x5qscovqmuqf8x6c7wtau03q72x0", "fields": {"session_data": ".eJxVjrEOgzAQQ_8lc4WSIyVct06M_YToklxIVAQSganqv5dSBjpZsvVsv4SldUl2LTzbHMRN6FZczqYj_-Txm5TJZxqsn2auDrdUfV7S6qpul8d9w-CfT1TSBserISKQEhUhOqhlkCaA4hobZ1xLjlrgAMzRawRgrxBDI6PyoJSWW-mxv1cPVBY7TH0eTwd_X8T7A0_KR3E:1kYabu:LOY4uhnl20EYSHQNVSUhb_gU4YRSWAb7SkbYTOegOLw", "expire_date": "2020-11-13T20:02:54.584Z"}}, {"model": "sessions.session", "pk": "gwnfpts6m1rx5n3a1cyh7eq4mg8ng0p0", "fields": {"session_data": "e30:1kWQoL:x6m9fU-NRUT71wz4fKOOCxOMOvbcL1D2-kYFpOV8VOs", "expire_date": "2020-11-07T21:10:49.511Z"}}, {"model": "sessions.session", "pk": "irxqb2cnok3a2nl2d94mibqg1utuzzdu", "fields": {"session_data": "ZTg1YzY5YTk0YTA1MzRmNWYyNjNlMTkwYTUzYjAwNTQ3MjIxYzAyMTp7Il9hdXRoX3VzZXJfaWQiOiIxIiwiX2F1dGhfdXNlcl9iYWNrZW5kIjoiZGphbmdvLmNvbnRyaWIuYXV0aC5iYWNrZW5kcy5Nb2RlbEJhY2tlbmQiLCJfYXV0aF91c2VyX2hhc2giOiJlY2FkZWUzNjYwNzllZWE3NDU1YzZiZTg0N2Q4OGI1ZmFjM2U0M2ZjIn0=", "expire_date": "2020-10-21T15:37:08.199Z"}}, {"model": "sessions.session", "pk": "k1gtsmpj5y0swfx4re3pt5uj41k89a7u", "fields": {"session_data": "ZTg1YzY5YTk0YTA1MzRmNWYyNjNlMTkwYTUzYjAwNTQ3MjIxYzAyMTp7Il9hdXRoX3VzZXJfaWQiOiIxIiwiX2F1dGhfdXNlcl9iYWNrZW5kIjoiZGphbmdvLmNvbnRyaWIuYXV0aC5iYWNrZW5kcy5Nb2RlbEJhY2tlbmQiLCJfYXV0aF91c2VyX2hhc2giOiJlY2FkZWUzNjYwNzllZWE3NDU1YzZiZTg0N2Q4OGI1ZmFjM2U0M2ZjIn0=", "expire_date": "2020-10-23T18:33:53.399Z"}}, {"model": "sessions.session", "pk": "ke8syb6cc550r16zghy8ofpe5q568zh8", "fields": {"session_data": "ZTg1YzY5YTk0YTA1MzRmNWYyNjNlMTkwYTUzYjAwNTQ3MjIxYzAyMTp7Il9hdXRoX3VzZXJfaWQiOiIxIiwiX2F1dGhfdXNlcl9iYWNrZW5kIjoiZGphbmdvLmNvbnRyaWIuYXV0aC5iYWNrZW5kcy5Nb2RlbEJhY2tlbmQiLCJfYXV0aF91c2VyX2hhc2giOiJlY2FkZWUzNjYwNzllZWE3NDU1YzZiZTg0N2Q4OGI1ZmFjM2U0M2ZjIn0=", "expire_date": "2020-10-24T19:40:41.225Z"}}, {"model": "sessions.session", "pk": "knnwqxuj7m2rmr5m8u4t38mmbidm7i0q", "fields": {"session_data": "ZTg1YzY5YTk0YTA1MzRmNWYyNjNlMTkwYTUzYjAwNTQ3MjIxYzAyMTp7Il9hdXRoX3VzZXJfaWQiOiIxIiwiX2F1dGhfdXNlcl9iYWNrZW5kIjoiZGphbmdvLmNvbnRyaWIuYXV0aC5iYWNrZW5kcy5Nb2RlbEJhY2tlbmQiLCJfYXV0aF91c2VyX2hhc2giOiJlY2FkZWUzNjYwNzllZWE3NDU1YzZiZTg0N2Q4OGI1ZmFjM2U0M2ZjIn0=", "expire_date": "2020-10-20T18:43:48.162Z"}}, {"model": "sessions.session", "pk": "ldz2tyjopogruyvkwopwafalfy2t4rxp", "fields": {"session_data": "e30:1kWK7J:4Gfj5ixpRypRyUN4DGwgV0oFfO21lI9xJG45jTJxmZY", "expire_date": "2020-11-07T14:01:57.010Z"}}, {"model": "sessions.session", "pk": "onpk62iyjo15yihrbdsq9ajyfw7vy3r6", "fields": {"session_data": "ZTg1YzY5YTk0YTA1MzRmNWYyNjNlMTkwYTUzYjAwNTQ3MjIxYzAyMTp7Il9hdXRoX3VzZXJfaWQiOiIxIiwiX2F1dGhfdXNlcl9iYWNrZW5kIjoiZGphbmdvLmNvbnRyaWIuYXV0aC5iYWNrZW5kcy5Nb2RlbEJhY2tlbmQiLCJfYXV0aF91c2VyX2hhc2giOiJlY2FkZWUzNjYwNzllZWE3NDU1YzZiZTg0N2Q4OGI1ZmFjM2U0M2ZjIn0=", "expire_date": "2020-10-21T11:50:48.493Z"}}, {"model": "sessions.session", "pk": "p35vv8vfbqi5aq78mgzy7ayqvvw11vkj", "fields": {"session_data": ".eJxVjDsOwjAQBe_iGln-fyjpOYO1Xq9xADlSnFSIu0OkFNC-mXkvlmBbW9oGLWkq7MwkO_1uGfBBfQflDv02c5z7ukyZ7wo_6ODXudDzcrh_Bw1G-9bReiM0KUPSWajBBMQI1kXIpZpKXlbtQpSoCmgRlAYXrEHhHagcFLL3B9RyN30:1kZdBx:CebNNl4StIifnVoWdQqnRpZj_aY6--VDtQOFputJhUI", "expire_date": "2020-11-16T17:00:25.400Z"}}, {"model": "sessions.session", "pk": "ribnbv1w0uoitmwpv57ye9n5slkymyz6", "fields": {"session_data": "ZTg1YzY5YTk0YTA1MzRmNWYyNjNlMTkwYTUzYjAwNTQ3MjIxYzAyMTp7Il9hdXRoX3VzZXJfaWQiOiIxIiwiX2F1dGhfdXNlcl9iYWNrZW5kIjoiZGphbmdvLmNvbnRyaWIuYXV0aC5iYWNrZW5kcy5Nb2RlbEJhY2tlbmQiLCJfYXV0aF91c2VyX2hhc2giOiJlY2FkZWUzNjYwNzllZWE3NDU1YzZiZTg0N2Q4OGI1ZmFjM2U0M2ZjIn0=", "expire_date": "2020-10-23T15:38:59.097Z"}}, {"model": "sessions.session", "pk": "s6gf9k13w7ju0870txneyfc6cge68tq7", "fields": {"session_data": "ZTg1YzY5YTk0YTA1MzRmNWYyNjNlMTkwYTUzYjAwNTQ3MjIxYzAyMTp7Il9hdXRoX3VzZXJfaWQiOiIxIiwiX2F1dGhfdXNlcl9iYWNrZW5kIjoiZGphbmdvLmNvbnRyaWIuYXV0aC5iYWNrZW5kcy5Nb2RlbEJhY2tlbmQiLCJfYXV0aF91c2VyX2hhc2giOiJlY2FkZWUzNjYwNzllZWE3NDU1YzZiZTg0N2Q4OGI1ZmFjM2U0M2ZjIn0=", "expire_date": "2020-10-24T19:30:42.664Z"}}, {"model": "sessions.session", "pk": "tr8165hoa8fq299w1og1z4v1hv4o1cs4", "fields": {"session_data": "ZTg1YzY5YTk0YTA1MzRmNWYyNjNlMTkwYTUzYjAwNTQ3MjIxYzAyMTp7Il9hdXRoX3VzZXJfaWQiOiIxIiwiX2F1dGhfdXNlcl9iYWNrZW5kIjoiZGphbmdvLmNvbnRyaWIuYXV0aC5iYWNrZW5kcy5Nb2RlbEJhY2tlbmQiLCJfYXV0aF91c2VyX2hhc2giOiJlY2FkZWUzNjYwNzllZWE3NDU1YzZiZTg0N2Q4OGI1ZmFjM2U0M2ZjIn0=", "expire_date": "2020-10-23T17:46:52.040Z"}}, {"model": "sessions.session", "pk": "xwo4lrrr37hnzq5wczkyq43u7uft286n", "fields": {"session_data": ".eJxVjDsOwjAQBe_iGln-fyjpOYO1Xq9xADlSnFSIu0OkFNC-mXkvlmBbW9oGLWkq7MwkO_1uGfBBfQflDv02c5z7ukyZ7wo_6ODXudDzcrh_Bw1G-9bReiM0KUPSWajBBMQI1kXIpZpKXlbtQpSoCmgRlAYXrEHhHagcFLL3B9RyN30:1kZgUk:uBfL_AbIX6iUK6PAwLuHAx_3QPSAYcNx1Vu0Dy7mlXY", "expire_date": "2020-11-16T20:32:02.908Z"}}, {"model": "sessions.session", "pk": "y59l0ixhtx531jr4t6ix4ae6eh7wc0zi", "fields": {"session_data": "ZTg1YzY5YTk0YTA1MzRmNWYyNjNlMTkwYTUzYjAwNTQ3MjIxYzAyMTp7Il9hdXRoX3VzZXJfaWQiOiIxIiwiX2F1dGhfdXNlcl9iYWNrZW5kIjoiZGphbmdvLmNvbnRyaWIuYXV0aC5iYWNrZW5kcy5Nb2RlbEJhY2tlbmQiLCJfYXV0aF91c2VyX2hhc2giOiJlY2FkZWUzNjYwNzllZWE3NDU1YzZiZTg0N2Q4OGI1ZmFjM2U0M2ZjIn0=", "expire_date": "2020-10-24T16:47:23.956Z"}}, {"model": "sessions.session", "pk": "yk7v45zceuskw7xv7oxmez56hfwbu3mo", "fields": {"session_data": ".eJxVjDsOwjAQBe_iGln-fyjpOYO1Xq9xADlSnFSIu0OkFNC-mXkvlmBbW9oGLWkq7MwkO_1uGfBBfQflDv02c5z7ukyZ7wo_6ODXudDzcrh_Bw1G-9bReiM0KUPSWajBBMQI1kXIpZpKXlbtQpSoCmgRlAYXrEHhHagcFLL3B9RyN30:1kZWFn:edmh14lcyGSM1R4ANuSr-39kT8K1hrMde_difWxeI5U", "expire_date": "2020-11-16T09:35:55.107Z"}}, {"model": "mainapp.gametypes", "pk": 4, "fields": {"name": "shooter", "description": "Shooter is a genre of computer games. At the time of the genre's inception, the word \"shooter\" became firmly established abroad, as a variant of describing the gameplay and a translation for the word shooter; in Russia and some other countries of the post-Soviet space, the genre was originally called \"shooter\".", "is_active": true}}, {"model": "mainapp.gametypes", "pk": 5, "fields": {"name": "war-games", "description": "battle-simulator", "is_active": true}}, {"model": "mainapp.gametypes", "pk": 6, "fields": {"name": "action", "description": "Action is a genre of computer games that emphasizes the exploitation of the player's physical capabilities, including eye-hand coordination and reaction speed.", "is_active": true}}, {"model": "mainapp.gametypes", "pk": 7, "fields": {"name": "new_type", "description": "bla-bla-bla", "is_active": false}}, {"model": "mainapp.gametypes", "pk": 8, "fields": {"name": "new_type_2", "description": "bla-bla-bla", "is_active": false}}, {"model": "mainapp.gametypes", "pk": 9, "fields": {"name": "new_one", "description": "another try", "is_active": false}}, {"model": "mainapp.gametypes", "pk": 10, "fields": {"name": "new_one_2", "description": "bla-bla-bla", "is_active": false}}, {"model": "mainapp.game", "pk": 10, "fields": {"type": 5, "name": "World of Tanks", "image": "games_images/wot.jpg", "short_desc": "client-side massively multiplayer online game", "description": "World of Tanks is a client-side massively multiplayer online arcade tank simulator game in real time featuring combat vehicles from the mid-20th century. The game was developed by the Belarusian studio Wargaming.net.", "price": "9.99", "quantity": 20, "is_active": true}}, {"model": "mainapp.game", "pk": 11, "fields": {"type": 5, "name": "World of Warships", "image": "games_images/World_of_Warships.jpg", "short_desc": "client-side massively multiplayer online game", "description": "World of Warships is a computer, client-side massively multiplayer online game in real time in the genre of an arcade simulator of naval battles in the historical setting of the First and Second World Wars, announced on August 16, 2011 by the publisher and developer of online games by the international company Wargaming.net,", "price": "9.99", "quantity": 20, "is_active": true}}, {"model": "mainapp.game", "pk": 12, "fields": {"type": 4, "name": "Battlefield 1", "image": "games_images/bf1.jpg", "short_desc": "a multi-platform first-person shooter", "description": "Battlefield 1 is a multi-platform first-person shooter PC game, the fifteenth in the Battlefield series, developed by DICE and published by Electronic Arts for Windows, PlayStation 4 and Xbox One platforms. The game was announced on May 6, 2016 and released on October 21, 2016.", "price": "19.99", "quantity": 21, "is_active": true}}, {"model": "mainapp.game", "pk": 13, "fields": {"type": 4, "name": "Battlefield 4", "image": "games_images/bf4.jpg", "short_desc": "multiplatform first-person shooter", "description": "Battlefield 4 is the twelfth multiplatform first-person shooter PC game developed by DICE and published by Electronic Arts for PC, PlayStation 3, PlayStation 4, Xbox 360 and Xbox One. The game was released on October 29, 2013.", "price": "25.99", "quantity": 26, "is_active": true}}, {"model": "mainapp.game", "pk": 14, "fields": {"type": 4, "name": "Call of Duty: Infinite Warfare", "image": "games_images/cod.jpg", "short_desc": "first-person shooter", "description": "Call of Duty: Infinite Warfare is a multi-platform fantasy first-person shooter set in the setting of the near future, developed by the American company Infinity Ward and published by Activision. It is the thirteenth main game in the Call of Duty series. The game was released on November 4, 2016.", "price": "27.99", "quantity": 25, "is_active": true}}, {"model": "mainapp.game", "pk": 15, "fields": {"type": 6, "name": "STAR WARS: BATTLEFRONT II", "image": "games_images/bf2.jpg", "short_desc": "first-person shooter computer game", "description": "Star Wars: Battlefront II is a first-person shooter computer game with the ability to switch to a third-person view, set in the Star Wars universe, the fourth game in the Star Wars Battlefront series, which is a continuation of the previous part. The game was developed by the Swedish company EA DICE in collaboration with Criterion Games and Motive Studios and published by Electronic Arts for Windows, PlayStation 4 and Xbox One platforms.", "price": "16.99", "quantity": 11, "is_active": true}}, {"model": "mainapp.game", "pk": 16, "fields": {"type": 6, "name": "Assassin's Creed Rogue", "image": "games_images/assassin.jpg", "short_desc": "action-adventure computer game", "description": "Assassin's Creed Rogue is an action-adventure computer game from the Assassin's Creed series with elements of stealth action developed by Ubisoft for the PlayStation 3 and Xbox 360 platforms. The version of the game for personal computers was released on March 10, 2015.", "price": "20.99", "quantity": 16, "is_active": true}}, {"model": "mainapp.game", "pk": 17, "fields": {"type": 6, "name": "FOR HONOR", "image": "games_images/for_honor.jpg", "short_desc": "computer game", "description": "For Honor (from English - \"For Honor\") - a computer game, hack and slash fighting game with a third-person view. Released by Ubisoft for PC, PlayStation 4 and Xbox One. In For Honor, players can control various forms of historical soldiers and warriors, from different factions, namely Vikings, Knights and Samurai (from October 2018, a new Wu Lin faction). The game takes place in a medieval setting.", "price": "15.99", "quantity": 5, "is_active": true}}, {"model": "mainapp.game", "pk": 18, "fields": {"type": 6, "name": "Tomb Raider", "image": "games_images/tomb_raider_pcBwByo.jpg", "short_desc": "computer game", "description": "Tomb Raider is a cross-platform computer game in the genre of third-person action-adventure RPG elements that was released on PlayStation 3, Xbox 360 and PC on March 5, 2013, also known as Tomb Raider 9, Tomb Raider: Ascension and Cryptids.", "price": "12.99", "quantity": 8, "is_active": true}}, {"model": "mainapp.game", "pk": 19, "fields": {"type": 9, "name": "new_game", "image": "", "short_desc": "desc", "description": "sfsgdsgdsg", "price": "12.00", "quantity": 1, "is_active": false}}, {"model": "mainapp.game", "pk": 20, "fields": {"type": 6, "name": "new_game_again", "image": "", "short_desc": "la-la-la", "description": "fdsfdsfdssdgs", "price": "10.00", "quantity": 10, "is_active": false}}, {"model": "authapp.shopuser", "pk": 1, "fields": {"password": "pbkdf2_sha256$216000$aXxSF6BPE8ta$khYkj/fyoJA5DU/o54+eHqaOWnQnXI2Or/zvfuhq+EE=", "last_login": "2020-11-02T20:32:02.897Z", "is_superuser": true, "username": "django", "first_name": "timur", "last_name": "", "email": "", "is_staff": true, "is_active": true, "date_joined": "2020-09-29T18:27:38.188Z", "avatar": "users_avatars/fat-mike.jpg", "age": 33, "activation_key": "", "activation_key_expires": "2020-10-20T18:28:09.884Z", "groups": [], "user_permissions": []}}, {"model": "authapp.shopuser", "pk": 2, "fields": {"password": "pbkdf2_sha256$150000$0dlLRsS2bXeP$4JLQqjk6aKGVzWCjLsKjLj0VRNT26IjuIE01xjZua28=", "last_login": "2020-09-29T20:48:12Z", "is_superuser": false, "username": "first", "first_name": "name", "last_name": "", "email": "123@123.ru", "is_staff": false, "is_active": true, "date_joined": "2020-09-29T20:47:18Z", "avatar": "", "age": 19, "activation_key": "", "activation_key_expires": "2020-10-20T18:28:09.884Z", "groups": [], "user_permissions": []}}, {"model": "authapp.shopuser", "pk": 3, "fields": {"password": "pbkdf2_sha256$150000$2IZsjIys0gdC$28TfefT9UrRd788oqYZq61SbImr2mHeoatLe/k6KsCU=", "last_login": "2020-09-29T20:48:39.893Z", "is_superuser": false, "username": "second", "first_name": "main", "last_name": "", "email": "123@123.ru", "is_staff": false, "is_active": true, "date_joined": "2020-09-29T20:47:58.089Z", "avatar": "", "age": 20, "activation_key": "", "activation_key_expires": "2020-10-20T18:28:09.884Z", "groups": [], "user_permissions": []}}, {"model": "authapp.shopuser", "pk": 4, "fields": {"password": "pbkdf2_sha256$150000$T7v2YHvz8rvS$v5yxC4o1uLuhaHc83K0EduCDL07wwzYXX3TXmNgXCsY=", "last_login": null, "is_superuser": false, "username": "third", "first_name": "third", "last_name": "", "email": "123@123.ru", "is_staff": false, "is_active": false, "date_joined": "2020-09-29T20:50:56.900Z", "avatar": "", "age": 30, "activation_key": "", "activation_key_expires": "2020-10-20T18:28:09.884Z", "groups": [], "user_permissions": []}}, {"model": "authapp.shopuser", "pk": 5, "fields": {"password": "pbkdf2_sha256$150000$P2Ys5oaobhmH$rd35RCgp68OAV/ocA62iILRBW8HWKZwsXsyRlOZBkzI=", "last_login": "2020-09-29T21:06:56.429Z", "is_superuser": false, "username": "forth", "first_name": "forth", "last_name": "", "email": "123@123.ru", "is_staff": false, "is_active": true, "date_joined": "2020-09-29T21:06:33.313Z", "avatar": "", "age": 30, "activation_key": "", "activation_key_expires": "2020-10-20T18:28:09.884Z", "groups": [], "user_permissions": []}}, {"model": "authapp.shopuser", "pk": 6, "fields": {"password": "pbkdf2_sha256$150000$zQEWtIp8vgtB$yys4j3cuQBr9jnh+vOScgp1ruuFwiA7gzQExVuSOrpg=", "last_login": null, "is_superuser": false, "username": "fifth", "first_name": "fifth", "last_name": "", "email": "123@123.ru", "is_staff": false, "is_active": true, "date_joined": "2020-09-29T21:12:34.775Z", "avatar": "", "age": 30, "activation_key": "", "activation_key_expires": "2020-10-20T18:28:09.884Z", "groups": [], "user_permissions": []}}, {"model": "authapp.shopuser", "pk": 7, "fields": {"password": "pbkdf2_sha256$150000$eeorNYzAgdxU$uG8VUuJEHcViqCkY60KWo9atVFsW5bCNp6TbiKmiCWE=", "last_login": null, "is_superuser": false, "username": "six", "first_name": "six", "last_name": "", "email": "123@123.ru", "is_staff": false, "is_active": true, "date_joined": "2020-09-29T21:19:53.334Z", "avatar": "", "age": 30, "activation_key": "", "activation_key_expires": "2020-10-20T18:28:09.884Z", "groups": [], "user_permissions": []}}, {"model": "authapp.shopuser", "pk": 8, "fields": {"password": "pbkdf2_sha256$150000$QjR75Ic2Xs5x$kYUL/bNEKhdfZ7/mDWh5sGDkz/cp8Hw1dDF6vTNO13w=", "last_login": null, "is_superuser": false, "username": "seven", "first_name": "seven", "last_name": "", "email": "123@123.ru", "is_staff": false, "is_active": true, "date_joined": "2020-09-29T21:21:24.549Z", "avatar": "", "age": 30, "activation_key": "", "activation_key_expires": "2020-10-20T18:28:09.884Z", "groups": [], "user_permissions": []}}, {"model": "authapp.shopuser", "pk": 10, "fields": {"password": "pbkdf2_sha256$150000$dFPqMCgVU3PK$QPgxQ76YnCVk1b0+sL4utpoVcVeQZDwmvFpcsGDF+oQ=", "last_login": null, "is_superuser": false, "username": "lastv", "first_name": "lastv", "last_name": "", "email": "123@123.ru", "is_staff": false, "is_active": true, "date_joined": "2020-09-29T21:31:32.964Z", "avatar": "", "age": 30, "activation_key": "", "activation_key_expires": "2020-10-20T18:28:09.884Z", "groups": [], "user_permissions": []}}, {"model": "authapp.shopuser", "pk": 14, "fields": {"password": "pbkdf2_sha256$150000$dLpn6egyfpiY$cMFG1Q2oepoCpwwssRYgyG+MW2EnUSCUT3YnDorhXtg=", "last_login": null, "is_superuser": false, "username": "username", "first_name": "firstname", "last_name": "", "email": "mail3@mail.com", "is_staff": false, "is_active": false, "date_joined": "2020-10-10T20:29:06.269Z", "avatar": "", "age": 20, "activation_key": "", "activation_key_expires": "2020-10-20T18:28:09.884Z", "groups": [], "user_permissions": []}}, {"model": "authapp.shopuser", "pk": 16, "fields": {"password": "pbkdf2_sha256$150000$0RgQrfX47cGe$K9FVNq3uJD+6+5KsPbaYbHbZb+V7iQs/O+VWWwisYXA=", "last_login": null, "is_superuser": false, "username": "jared", "first_name": "jared", "last_name": "", "email": "jared@leto.com", "is_staff": false, "is_active": true, "date_joined": "2020-10-14T19:57:23.581Z", "avatar": "", "age": 50, "activation_key": "", "activation_key_expires": "2020-10-20T18:28:09.884Z", "groups": [], "user_permissions": []}}, {"model": "authapp.shopuser", "pk": 19, "fields": {"password": "pbkdf2_sha256$150000$f6jhXm1wMrH0$yVCCqrXBV6z8x3krmKx5QBCzOrczHZsIHAQoWzV6t5A=", "last_login": null, "is_superuser": false, "username": "jimmy", "first_name": "jimmy", "last_name": "", "email": "hendrix@yandex.ru", "is_staff": false, "is_active": false, "date_joined": "2020-10-21T12:39:21.617Z", "avatar": "", "age": 42, "activation_key": "25867cd36e46072087b51ce405a90d3181bb37de", "activation_key_expires": "2020-10-23T12:38:24.404Z", "groups": [], "user_permissions": []}}, {"model": "authapp.shopuser", "pk": 42, "fields": {"password": "pbkdf2_sha256$216000$10KSluCwxL1g$um17NVxnEbE7rdzv8x03nA4Bpe+xp4yYxNpQLh5KNbE=", "last_login": "2020-10-23T18:00:17.830Z", "is_superuser": false, "username": "is_that_joke", "first_name": "timur", "last_name": "", "email": "leniviy7@gmail.com", "is_staff": false, "is_active": true, "date_joined": "2020-10-21T20:10:44.683Z", "avatar": "", "age": 33, "activation_key": "786219a41caf837be9497c1a0ed020f445229284", "activation_key_expires": "2020-10-23T20:10:14.333Z", "groups": [], "user_permissions": []}}, {"model": "authapp.shopuser", "pk": 45, "fields": {"password": "!azeWsHiqVzTBF2khcJnUt1cu4bV0znW6FbCwsoqA", "last_login": "2020-10-25T19:54:02.769Z", "is_superuser": false, "username": "gumdrop", "first_name": "Тимур", "last_name": "Зверев", "email": "leniviy@list.ru", "is_staff": false, "is_active": true, "date_joined": "2020-10-25T16:02:24.461Z", "avatar": "users_avatars/45.jpg", "age": 33, "activation_key": "", "activation_key_expires": "2020-10-27T16:02:19.533Z", "groups": [], "user_permissions": []}}, {"model": "authapp.shopuser", "pk": 46, "fields": {"password": "!WzsaWE1sUCIUTvZeOzbsnHYcp9GdjKZZEzG2jRMv", "last_login": "2020-10-28T17:30:58.494Z", "is_superuser": false, "username": "leniviy7", "first_name": "Тимур", "last_name": "Зверев", "email": "leniviy7@gmail.com", "is_staff": false, "is_active": true, "date_joined": "2020-10-25T16:05:01.136Z", "avatar": "users_avatars/46.jpg", "age": 18, "activation_key": "", "activation_key_expires": "2020-10-27T16:03:41.073Z", "groups": [], "user_permissions": []}}, {"model": "authapp.shopuser", "pk": 48, "fields": {"password": "!ckImaFe2o9ZrmDHz61OAMkNMb25amU2JZvH7IraM", "last_login": "2020-10-30T20:02:54.575Z", "is_superuser": false, "username": "isthatjoke", "first_name": "Timur", "last_name": "Zverev", "email": "Leniviy7@gmail.com", "is_staff": false, "is_active": true, "date_joined": "2020-10-30T20:02:54.543Z", "avatar": "", "age": 18, "activation_key": "", "activation_key_expires": "2020-11-01T20:02:46.657Z", "groups": [], "user_permissions": []}}, {"model": "authapp.shopuserprofile", "pk": 18, "fields": {"user": 1, "tagline": "", "about_me": "", "gender": "", "localization": "", "social_page": ""}}, {"model": "authapp.shopuserprofile", "pk": 19, "fields": {"user": 2, "tagline": "", "about_me": "", "gender": "", "localization": "", "social_page": ""}}, {"model": "authapp.shopuserprofile", "pk": 20, "fields": {"user": 3, "tagline": "", "about_me": "", "gender": "", "localization": "", "social_page": ""}}, {"model": "authapp.shopuserprofile", "pk": 21, "fields": {"user": 4, "tagline": "", "about_me": "", "gender": "", "localization": "", "social_page": ""}}, {"model": "authapp.shopuserprofile", "pk": 22, "fields": {"user": 5, "tagline": "", "about_me": "", "gender": "", "localization": "", "social_page": ""}}, {"model": "authapp.shopuserprofile", "pk": 23, "fields": {"user": 6, "tagline": "", "about_me": "", "gender": "", "localization": "", "social_page": ""}}, {"model": "authapp.shopuserprofile", "pk": 24, "fields": {"user": 7, "tagline": "", "about_me": "", "gender": "", "localization": "", "social_page": ""}}, {"model": "authapp.shopuserprofile", "pk": 25, "fields": {"user": 8, "tagline": "", "about_me": "", "gender": "", "localization": "", "social_page": ""}}, {"model": "authapp.shopuserprofile", "pk": 26, "fields": {"user": 10, "tagline": "", "about_me": "", "gender": "", "localization": "", "social_page": ""}}, {"model": "authapp.shopuserprofile", "pk": 27, "fields": {"user": 14, "tagline": "", "about_me": "", "gender": "", "localization": "", "social_page": ""}}, {"model": "authapp.shopuserprofile", "pk": 28, "fields": {"user": 16, "tagline": "", "about_me": "", "gender": "", "localization": "", "social_page": ""}}, {"model": "authapp.shopuserprofile", "pk": 29, "fields": {"user": 19, "tagline": "", "about_me": "", "gender": "", "localization": "", "social_page": ""}}, {"model": "authapp.shopuserprofile", "pk": 30, "fields": {"user": 42, "tagline": "", "about_me": "", "gender": "", "localization": "", "social_page": ""}}, {"model": "authapp.shopuserprofile", "pk": 36, "fields": {"user": 45, "tagline": "", "about_me": "same shit different day", "gender": "M", "localization": "", "social_page": "https://vk.com/gumdrop"}}, {"model": "authapp.shopuserprofile", "pk": 37, "fields": {"user": 46, "tagline": "", "about_me": "", "gender": "", "localization": "ru", "social_page": ""}}, {"model": "authapp.shopuserprofile", "pk": 39, "fields": {"user": 48, "tagline": "", "about_me": "", "gender": "", "localization": "", "social_page": ""}}, {"model": "shopping_cartapp.shoppingcart", "pk": 24, "fields": {"user": 45, "game": 12, "quantity": 1, "add_time": "2020-10-28T14:53:29.469Z"}}, {"model": "shopping_cartapp.shoppingcart", "pk": 76, "fields": {"user": 1, "game": 16, "quantity": 1, "add_time": "2020-11-02T20:32:10.406Z"}}, {"model": "social_django.usersocialauth", "pk": 29, "fields": {"user": 45, "provider": "vk-oauth2", "uid": "7637049", "extra_data": "{\"auth_time\": 1603655642, \"id\": 7637049, \"expires\": 86400, \"access_token\": \"12cc2c641e8ca69728963c9108b6a7817edf82221e92b23db20ac140e9891ff68bd6a19d874414121b015\", \"token_type\": null}", "created": "2020-10-25T16:02:25.120Z", "modified": "2020-10-25T19:54:02.754Z"}}, {"model": "social_django.usersocialauth", "pk": 30, "fields": {"user": 46, "provider": "google-oauth2", "uid": "leniviy7@gmail.com", "extra_data": "{\"auth_time\": 1603906258, \"expires\": 3599, \"token_type\": \"Bearer\", \"access_token\": \"ya29.A0AfH6SMCBQR3WX4FBAejJ9swebEWwon27RZdTDrfOd924u2UKllEpiI8rlAAn7H_V0xn4onww3716Hz0FkBowqM1DkRLCjwKU8ud8AgGBcsQ2KaxTKwQlMmHpcL_YA-s-tJtcXIRNO0uoAyjXqoJs_zvuDOb0O_1NKJqFpsXW7Mk\"}", "created": "2020-10-25T16:05:01.259Z", "modified": "2020-10-28T17:30:58.477Z"}}, {"model": "social_django.usersocialauth", "pk": 32, "fields": {"user": 48, "provider": "github", "uid": "61158881", "extra_data": "{\"auth_time\": 1604088174, \"id\": 61158881, \"expires\": null, \"login\": \"isthatjoke\", \"access_token\": \"ba6ea5ca8211667990c2aa66a7022bb1579bb495\", \"token_type\": \"bearer\"}", "created": "2020-10-30T20:02:54.554Z", "modified": "2020-10-30T20:02:54.558Z"}}, {"model": "ordersapp.order", "pk": 1, "fields": {"user": 45, "created": "2020-10-28T14:35:37.072Z", "updated": "2020-10-28T14:38:31.170Z", "status": "FM", "is_active": false}}, {"model": "ordersapp.order", "pk": 2, "fields": {"user": 1, "created": "2020-10-28T16:01:21.536Z", "updated": "2020-11-02T10:08:44.406Z", "status": "PD", "is_active": true}}, {"model": "ordersapp.order", "pk": 3, "fields": {"user": 1, "created": "2020-10-28T21:48:48.453Z", "updated": "2020-10-28T21:49:04.442Z", "status": "STP", "is_active": true}}, {"model": "ordersapp.order", "pk": 4, "fields": {"user": 1, "created": "2020-10-28T21:49:18.957Z", "updated": "2020-10-28T21:49:43.187Z", "status": "FM", "is_active": false}}, {"model": "ordersapp.order", "pk": 5, "fields": {"user": 1, "created": "2020-10-31T18:50:16.303Z", "updated": "2020-10-31T18:51:07.504Z", "status": "STP", "is_active": true}}, {"model": "ordersapp.order", "pk": 6, "fields": {"user": 1, "created": "2020-10-31T18:53:03.299Z", "updated": "2020-10-31T18:53:10.105Z", "status": "STP", "is_active": true}}, {"model": "ordersapp.order", "pk": 7, "fields": {"user": 1, "created": "2020-10-31T19:06:03.816Z", "updated": "2020-10-31T19:06:13.627Z", "status": "STP", "is_active": true}}, {"model": "ordersapp.order", "pk": 8, "fields": {"user": 1, "created": "2020-10-31T19:11:02.399Z", "updated": "2020-10-31T19:13:04.509Z", "status": "STP", "is_active": true}}, {"model": "ordersapp.order", "pk": 9, "fields": {"user": 1, "created": "2020-10-31T19:12:30.383Z", "updated": "2020-10-31T19:13:02.562Z", "status": "STP", "is_active": true}}, {"model": "ordersapp.order", "pk": 10, "fields": {"user": 1, "created": "2020-10-31T19:13:15.357Z", "updated": "2020-11-01T11:12:12.189Z", "status": "FM", "is_active": false}}, {"model": "ordersapp.order", "pk": 11, "fields": {"user": 1, "created": "2020-11-01T10:33:51.860Z", "updated": "2020-11-01T10:33:51.925Z", "status": "FM", "is_active": false}}, {"model": "ordersapp.order", "pk": 12, "fields": {"user": 1, "created": "2020-11-01T11:24:48.258Z", "updated": "2020-11-01T11:24:48.290Z", "status": "FM", "is_active": false}}, {"model": "ordersapp.order", "pk": 13, "fields": {"user": 1, "created": "2020-11-01T11:25:10.904Z", "updated": "2020-11-01T11:25:25.007Z", "status": "FM", "is_active": false}}, {"model": "ordersapp.order", "pk": 14, "fields": {"user": 1, "created": "2020-11-01T11:26:48.243Z", "updated": "2020-11-01T11:33:21.090Z", "status": "FM", "is_active": false}}, {"model": "ordersapp.order", "pk": 15, "fields": {"user": 1, "created": "2020-11-01T11:33:01.337Z", "updated": "2020-11-01T11:33:16.935Z", "status": "FM", "is_active": false}}, {"model": "ordersapp.order", "pk": 16, "fields": {"user": 1, "created": "2020-11-01T11:33:57.040Z", "updated": "2020-11-01T11:34:09.749Z", "status": "STP", "is_active": true}}, {"model": "ordersapp.order", "pk": 17, "fields": {"user": 1, "created": "2020-11-01T11:37:05.594Z", "updated": "2020-11-01T11:42:56.425Z", "status": "FM", "is_active": false}}, {"model": "ordersapp.order", "pk": 18, "fields": {"user": 1, "created": "2020-11-01T11:37:44.735Z", "updated": "2020-11-01T11:42:58.487Z", "status": "FM", "is_active": false}}, {"model": "ordersapp.order", "pk": 19, "fields": {"user": 1, "created": "2020-11-01T11:42:48.786Z", "updated": "2020-11-01T11:49:04.618Z", "status": "FM", "is_active": false}}, {"model": "ordersapp.order", "pk": 20, "fields": {"user": 1, "created": "2020-11-01T11:48:25.599Z", "updated": "2020-11-01T11:48:33.144Z", "status": "STP", "is_active": true}}, {"model": "ordersapp.order", "pk": 21, "fields": {"user": 1, "created": "2020-11-01T11:49:28.517Z", "updated": "2020-11-01T11:49:36.161Z", "status": "STP", "is_active": true}}, {"model": "ordersapp.order", "pk": 22, "fields": {"user": 1, "created": "2020-11-01T12:46:31.072Z", "updated": "2020-11-01T12:47:27.145Z", "status": "FM", "is_active": false}}, {"model": "ordersapp.order", "pk": 23, "fields": {"user": 1, "created": "2020-11-01T12:50:37.321Z", "updated": "2020-11-01T12:50:56.828Z", "status": "FM", "is_active": false}}, {"model": "ordersapp.order", "pk": 24, "fields": {"user": 1, "created": "2020-11-01T12:51:12.332Z", "updated": "2020-11-01T12:51:12.344Z", "status": "FM", "is_active": false}}, {"model": "ordersapp.order", "pk": 25, "fields": {"user": 1, "created": "2020-11-01T12:51:18.381Z", "updated": "2020-11-01T12:51:18.403Z", "status": "FM", "is_active": false}}, {"model": "ordersapp.order", "pk": 26, "fields": {"user": 1, "created": "2020-11-01T12:51:28.247Z", "updated": "2020-11-01T12:53:08.036Z", "status": "FM", "is_active": false}}, {"model": "ordersapp.order", "pk": 27, "fields": {"user": 1, "created": "2020-11-01T12:53:56.716Z", "updated": "2020-11-01T12:53:56.736Z", "status": "FM", "is_active": false}}, {"model": "ordersapp.order", "pk": 28, "fields": {"user": 1, "created": "2020-11-01T12:54:04.368Z", "updated": "2020-11-01T13:03:59.876Z", "status": "FM", "is_active": false}}, {"model": "ordersapp.order", "pk": 29, "fields": {"user": 1, "created": "2020-11-01T13:04:32.427Z", "updated": "2020-11-01T13:04:32.453Z", "status": "FM", "is_active": false}}, {"model": "ordersapp.order", "pk": 30, "fields": {"user": 1, "created": "2020-11-01T13:05:08.721Z", "updated": "2020-11-01T13:32:12.837Z", "status": "FM", "is_active": false}}, {"model": "ordersapp.order", "pk": 31, "fields": {"user": 1, "created": "2020-11-01T13:32:25.537Z", "updated": "2020-11-01T15:01:54.802Z", "status": "FM", "is_active": false}}, {"model": "ordersapp.order", "pk": 32, "fields": {"user": 1, "created": "2020-11-01T15:01:24.549Z", "updated": "2020-11-01T15:01:51.444Z", "status": "FM", "is_active": false}}, {"model": "ordersapp.order", "pk": 33, "fields": {"user": 1, "created": "2020-11-01T15:04:20.252Z", "updated": "2020-11-01T15:15:41.162Z", "status": "FM", "is_active": false}}, {"model": "ordersapp.order", "pk": 34, "fields": {"user": 1, "created": "2020-11-01T15:16:29.118Z", "updated": "2020-11-01T15:17:25.656Z", "status": "FM", "is_active": false}}, {"model": "ordersapp.order", "pk": 35, "fields": {"user": 1, "created": "2020-11-01T15:17:40.969Z", "updated": "2020-11-01T15:17:53.752Z", "status": "FM", "is_active": false}}, {"model": "ordersapp.order", "pk": 36, "fields": {"user": 1, "created": "2020-11-01T15:18:29.696Z", "updated": "2020-11-01T15:33:12.795Z", "status": "FM", "is_active": false}}, {"model": "ordersapp.order", "pk": 37, "fields": {"user": 1, "created": "2020-11-01T15:46:19.697Z", "updated": "2020-11-02T20:12:18.792Z", "status": "FM", "is_active": false}}, {"model": "ordersapp.order", "pk": 38, "fields": {"user": 1, "created": "2020-11-01T17:10:59.816Z", "updated": "2020-11-01T17:10:59.854Z", "status": "FM", "is_active": false}}, {"model": "ordersapp.order", "pk": 39, "fields": {"user": 1, "created": "2020-11-02T19:21:15.826Z", "updated": "2020-11-02T20:12:21.735Z", "status": "FM", "is_active": false}}, {"model": "ordersapp.order", "pk": 40, "fields": {"user": 1, "created": "2020-11-02T20:12:13.718Z", "updated": "2020-11-02T20:12:25.253Z", "status": "FM", "is_active": false}}, {"model": "ordersapp.order", "pk": 41, "fields": {"user": 1, "created": "2020-11-02T20:19:07.898Z", "updated": "2020-11-03T09:41:45.966Z", "status": "FM", "is_active": true}}, {"model": "ordersapp.orderitem", "pk": 1, "fields": {"order": 1, "game": 13, "quantity": 1}}, {"model": "ordersapp.orderitem", "pk": 2, "fields": {"order": 2, "game": 12, "quantity": 3}}, {"model": "ordersapp.orderitem", "pk": 3, "fields": {"order": 2, "game": 16, "quantity": 8}}, {"model": "ordersapp.orderitem", "pk": 4, "fields": {"order": 3, "game": 16, "quantity": 1}}, {"model": "ordersapp.orderitem", "pk": 5, "fields": {"order": 4, "game": 12, "quantity": 1}}, {"model": "ordersapp.orderitem", "pk": 6, "fields": {"order": 5, "game": 12, "quantity": 1}}, {"model": "ordersapp.orderitem", "pk": 7, "fields": {"order": 6, "game": 12, "quantity": 1}}, {"model": "ordersapp.orderitem", "pk": 8, "fields": {"order": 7, "game": 12, "quantity": 1}}, {"model": "ordersapp.orderitem", "pk": 9, "fields": {"order": 8, "game": 12, "quantity": 1}}, {"model": "ordersapp.orderitem", "pk": 10, "fields": {"order": 9, "game": 12, "quantity": 1}}, {"model": "ordersapp.orderitem", "pk": 11, "fields": {"order": 10, "game": 12, "quantity": 1}}, {"model": "ordersapp.orderitem", "pk": 12, "fields": {"order": 13, "game": 16, "quantity": 1}}, {"model": "ordersapp.orderitem", "pk": 13, "fields": {"order": 13, "game": 19, "quantity": 3}}, {"model": "ordersapp.orderitem", "pk": 14, "fields": {"order": 14, "game": 11, "quantity": 3}}, {"model": "ordersapp.orderitem", "pk": 15, "fields": {"order": 14, "game": 12, "quantity": 1}}, {"model": "ordersapp.orderitem", "pk": 16, "fields": {"order": 15, "game": 11, "quantity": 10}}, {"model": "ordersapp.orderitem", "pk": 17, "fields": {"order": 16, "game": 12, "quantity": 3}}, {"model": "ordersapp.orderitem", "pk": 18, "fields": {"order": 17, "game": 12, "quantity": 2}}, {"model": "ordersapp.orderitem", "pk": 19, "fields": {"order": 18, "game": 12, "quantity": 1}}, {"model": "ordersapp.orderitem", "pk": 20, "fields": {"order": 19, "game": 12, "quantity": 2}}, {"model": "ordersapp.orderitem", "pk": 21, "fields": {"order": 20, "game": 12, "quantity": 1}}, {"model": "ordersapp.orderitem", "pk": 22, "fields": {"order": 21, "game": 12, "quantity": 1}}, {"model": "ordersapp.orderitem", "pk": 23, "fields": {"order": 22, "game": 12, "quantity": 2}}, {"model": "ordersapp.orderitem", "pk": 24, "fields": {"order": 23, "game": 12, "quantity": 1}}, {"model": "ordersapp.orderitem", "pk": 25, "fields": {"order": 25, "game": 10, "quantity": 0}}, {"model": "ordersapp.orderitem", "pk": 26, "fields": {"order": 26, "game": 12, "quantity": 1}}, {"model": "ordersapp.orderitem", "pk": 27, "fields": {"order": 28, "game": 12, "quantity": 3}}, {"model": "ordersapp.orderitem", "pk": 28, "fields": {"order": 30, "game": 12, "quantity": 1}}, {"model": "ordersapp.orderitem", "pk": 29, "fields": {"order": 31, "game": 12, "quantity": 1}}, {"model": "ordersapp.orderitem", "pk": 30, "fields": {"order": 32, "game": 12, "quantity": 3}}, {"model": "ordersapp.orderitem", "pk": 31, "fields": {"order": 32, "game": 15, "quantity": 1}}, {"model": "ordersapp.orderitem", "pk": 32, "fields": {"order": 33, "game": 12, "quantity": 2}}, {"model": "ordersapp.orderitem", "pk": 33, "fields": {"order": 34, "game": 12, "quantity": 1}}, {"model": "ordersapp.orderitem", "pk": 34, "fields": {"order": 34, "game": 12, "quantity": 1}}, {"model": "ordersapp.orderitem", "pk": 35, "fields": {"order": 35, "game": 12, "quantity": 2}}, {"model": "ordersapp.orderitem", "pk": 36, "fields": {"order": 36, "game": 12, "quantity": 2}}, {"model": "ordersapp.orderitem", "pk": 37, "fields": {"order": 36, "game": 13, "quantity": 1}}, {"model": "ordersapp.orderitem", "pk": 38, "fields": {"order": 37, "game": 12, "quantity": 3}}, {"model": "ordersapp.orderitem", "pk": 39, "fields": {"order": 37, "game": 13, "quantity": 1}}, {"model": "ordersapp.orderitem", "pk": 40, "fields": {"order": 39, "game": 16, "quantity": 6}}, {"model": "ordersapp.orderitem", "pk": 41, "fields": {"order": 39, "game": 18, "quantity": 14}}, {"model": "ordersapp.orderitem", "pk": 42, "fields": {"order": 40, "game": 16, "quantity": 1}}, {"model": "ordersapp.orderitem", "pk": 43, "fields": {"order": 40, "game": 17, "quantity": 4}}, {"model": "ordersapp.orderitem", "pk": 44, "fields": {"order": 41, "game": 12, "quantity": 1}}, {"model": "ordersapp.orderitem", "pk": 45, "fields": {"order": 41, "game": 17, "quantity": 5}}, {"model": "ordersapp.orderitem", "pk": 46, "fields": {"order": 41, "game": 15, "quantity": 4}}]